happy,sad,angry,fear,neutral,surprise,disgust,label
66.66666666666666,0.0,0.9009009009009009,0.9009009009009009,18.91891891891892,12.612612612612612,0.0,Positive
28.26086956521739,0.0,0.0,0.24154589371980675,52.41545893719807,19.082125603864732,0.0,Little Positive
11.11111111111111,11.11111111111111,0.0,0.0,77.77777777777779,0.0,0.0,Negative
100.0,0.0,0.0,0.0,0.0,0.0,0.0,Positive
49.63503649635037,3.64963503649635,34.306569343065696,0.0,12.408759124087592,0.0,0.0,Negative
5.079365079365079,12.063492063492063,70.7936507936508,0.6349206349206349,11.428571428571429,0.0,0.0,Negative
34.36293436293436,31.27413127413127,3.474903474903475,0.7722007722007722,30.115830115830118,0.0,0.0,Negative
46.3963963963964,6.756756756756757,0.0,0.0,46.846846846846844,0.0,0.0,Little Positive
32.48945147679325,11.39240506329114,0.0,19.40928270042194,2.109704641350211,34.59915611814346,0.0,Positive
18.0,4.0,0.5,18.5,39.75,19.25,0.0,Little Positive
2.1052631578947367,25.263157894736842,0.0,0.0,51.578947368421055,21.052631578947366,0.0,Little Positive
100.0,0.0,0.0,0.0,0.0,0.0,0.0,Positive
100.0,0.0,0.0,0.0,0.0,0.0,0.0,Positive
50.0,0.0,0.0,0.0,50.0,0.0,0.0,Negative
26.923076923076923,0.0,0.0,0.0,30.76923076923077,42.30769230769231,0.0,Little Positive
20.0,0.0,0.0,0.0,68.0,12.0,0.0,Negative
0.0,0.0,0.0,0.0,100.0,0.0,0.0,Negative
0.0,0.0,0.0,0.0,100.0,0.0,0.0,Negative
0.0,0.0,0.0,0.0,100.0,0.0,0.0,Negative
0.0,3.8461538461538463,0.0,50.0,26.923076923076923,19.230769230769234,0.0,Negative
0.0,0.0,0.0,67.85714285714286,0.0,32.142857142857146,0.0,Negative
0.0,0.0,0.0,7.4074074074074066,0.0,92.5925925925926,0.0,Positive
19.047619047619047,9.523809523809524,0.0,33.33333333333333,33.33333333333333,4.761904761904762,0.0,Negative
17.857142857142858,78.57142857142857,0.0,0.0,3.571428571428571,0.0,0.0,Negative
0.0,7.4074074074074066,0.0,0.0,11.11111111111111,81.48148148148148,0.0,Positive
0.0,0.0,0.0,0.0,0.0,100.0,0.0,Positive
8.0,4.0,0.0,0.0,68.0,20.0,0.0,Negative
0.0,0.0,0.0,0.0,100.0,0.0,0.0,Negative
0.0,0.0,0.0,0.0,100.0,0.0,0.0,Negative
5.263157894736842,21.052631578947366,5.263157894736842,0.0,63.1578947368421,5.263157894736842,0.0,Negative
0.0,0.0,0.0,0.0,100.0,0.0,0.0,Negative
0.0,0.0,0.0,0.0,100.0,0.0,0.0,Negative
18.51851851851852,22.22222222222222,3.7037037037037033,37.03703703703704,18.51851851851852,0.0,0.0,Negative
14.285714285714285,0.0,0.0,85.71428571428571,0.0,0.0,0.0,Negative
3.7037037037037033,3.7037037037037033,0.0,14.814814814814813,77.77777777777779,0.0,0.0,Negative
0.0,0.0,0.0,0.0,100.0,0.0,0.0,Negative
42.30769230769231,3.8461538461538463,0.0,0.0,53.84615384615385,0.0,0.0,Negative
83.33333333333334,8.333333333333332,8.333333333333332,0.0,0.0,0.0,0.0,Positive
100.0,0.0,0.0,0.0,0.0,0.0,0.0,Positive
16.0,16.0,12.0,0.0,56.00000000000001,0.0,0.0,Negative
3.7037037037037033,0.0,96.29629629629629,0.0,0.0,0.0,0.0,Negative
7.6923076923076925,3.8461538461538463,57.692307692307686,0.0,30.76923076923077,0.0,0.0,Negative
3.8461538461538463,3.8461538461538463,0.0,0.0,92.3076923076923,0.0,0.0,Negative
75.0,4.166666666666666,0.0,0.0,20.833333333333336,0.0,0.0,Little Positive
0.0,14.814814814814813,0.0,0.0,85.18518518518519,0.0,0.0,Negative
25.925925925925924,0.0,44.44444444444444,0.0,29.629629629629626,0.0,0.0,Negative
11.11111111111111,0.0,88.88888888888889,0.0,0.0,0.0,0.0,Negative
0.0,4.3478260869565215,52.17391304347826,0.0,43.47826086956522,0.0,0.0,Negative
0.0,0.0,0.0,0.0,100.0,0.0,0.0,Negative
0.0,14.285714285714285,0.0,0.0,85.71428571428571,0.0,0.0,Negative
0.0,14.814814814814813,0.0,0.0,85.18518518518519,0.0,0.0,Negative
4.3478260869565215,4.3478260869565215,0.0,4.3478260869565215,86.95652173913044,0.0,0.0,Negative
78.94736842105263,0.0,0.0,0.0,21.052631578947366,0.0,0.0,Little Positive
0.0,7.6923076923076925,0.0,0.0,92.3076923076923,0.0,0.0,Negative
12.5,37.5,20.833333333333336,0.0,29.166666666666668,0.0,0.0,Negative
4.3478260869565215,0.0,39.130434782608695,0.0,56.52173913043478,0.0,0.0,Negative
15.789473684210526,21.052631578947366,0.0,5.263157894736842,57.89473684210527,0.0,0.0,Negative
25.0,0.0,0.0,0.0,75.0,0.0,0.0,Negative
12.5,20.833333333333336,0.0,0.0,66.66666666666666,0.0,0.0,Negative
4.0,4.0,32.0,0.0,60.0,0.0,0.0,Negative
69.23076923076923,19.230769230769234,0.0,0.0,11.538461538461538,0.0,0.0,Little Positive
68.18181818181817,18.181818181818183,0.0,0.0,13.636363636363635,0.0,0.0,Little Positive
5.88235294117647,52.94117647058824,0.0,0.0,41.17647058823529,0.0,0.0,Negative
9.090909090909092,54.54545454545454,27.27272727272727,0.0,9.090909090909092,0.0,0.0,Negative
47.82608695652174,21.73913043478261,0.0,0.0,30.434782608695656,0.0,0.0,Negative
32.0,36.0,0.0,0.0,32.0,0.0,0.0,Negative
0.0,73.91304347826086,13.043478260869565,0.0,13.043478260869565,0.0,0.0,Negative
0.0,85.71428571428571,10.714285714285714,0.0,3.571428571428571,0.0,0.0,Negative
0.0,53.57142857142857,21.428571428571427,0.0,25.0,0.0,0.0,Negative
0.0,53.57142857142857,21.428571428571427,0.0,25.0,0.0,0.0,Negative
21.428571428571427,0.0,0.0,0.0,78.57142857142857,0.0,0.0,Little Positive
32.142857142857146,0.0,0.0,0.0,67.85714285714286,0.0,0.0,Negative
3.571428571428571,0.0,0.0,0.0,85.71428571428571,10.714285714285714,0.0,Little Positive
30.0,0.0,0.0,0.0,70.0,0.0,0.0,Negative
51.85185185185185,0.0,0.0,3.7037037037037033,44.44444444444444,0.0,0.0,Negative
3.7037037037037033,0.0,0.0,25.925925925925924,44.44444444444444,25.925925925925924,0.0,Negative
0.0,0.0,0.0,0.0,100.0,0.0,0.0,Positive
42.30769230769231,0.0,0.0,0.0,57.692307692307686,0.0,0.0,Positive
65.38461538461539,0.0,0.0,0.0,34.61538461538461,0.0,0.0,Positive
23.076923076923077,0.0,0.0,0.0,76.92307692307693,0.0,0.0,Positive
40.0,0.0,0.0,0.0,60.0,0.0,0.0,Positive
24.0,4.0,0.0,0.0,72.0,0.0,0.0,Positive
0.0,0.0,0.0,3.3333333333333335,26.666666666666668,70.0,0.0,Positive
7.6923076923076925,0.0,0.0,11.538461538461538,61.53846153846154,19.230769230769234,0.0,Positive
21.428571428571427,0.0,0.0,0.0,78.57142857142857,0.0,0.0,Positive
9.090909090909092,36.36363636363637,0.0,0.0,54.54545454545454,0.0,0.0,Little Positive
26.08695652173913,0.0,0.0,0.0,73.91304347826086,0.0,0.0,Positive
70.37037037037037,18.51851851851852,0.0,0.0,11.11111111111111,0.0,0.0,Positive
22.22222222222222,3.7037037037037033,0.0,0.0,74.07407407407408,0.0,0.0,Positive
48.148148148148145,0.0,0.0,0.0,51.85185185185185,0.0,0.0,Positive
7.142857142857142,0.0,0.0,0.0,92.85714285714286,0.0,0.0,Positive
45.0,5.0,0.0,0.0,50.0,0.0,0.0,Positive
88.88888888888889,0.0,0.0,0.0,11.11111111111111,0.0,0.0,Positive
50.0,50.0,0.0,0.0,0.0,0.0,0.0,Negative
0.0,0.0,0.0,0.0,0.0,100.0,0.0,Positive
0.0,9.090909090909092,0.0,0.0,0.0,90.9090909090909,0.0,Positive
50.0,0.0,0.0,0.0,50.0,0.0,0.0,Positive
5.0,10.0,0.0,0.0,85.0,0.0,0.0,Positive
66.66666666666666,0.0,11.11111111111111,11.11111111111111,11.11111111111111,0.0,0.0,Little Positive
36.36363636363637,27.27272727272727,9.090909090909092,0.0,27.27272727272727,0.0,0.0,Little Positive
100.0,0.0,0.0,0.0,0.0,0.0,0.0,Positive
33.33333333333333,33.33333333333333,0.0,0.0,33.33333333333333,0.0,0.0,Little Positive
0.0,10.344827586206897,86.20689655172413,0.0,3.4482758620689653,0.0,0.0,Negative
0.0,0.0,12.5,0.0,87.5,0.0,0.0,Positive
0.0,0.0,0.0,0.0,100.0,0.0,0.0,Positive
0.0,0.0,0.0,0.0,100.0,0.0,0.0,Positive
4.545454545454546,0.0,0.0,0.0,95.45454545454545,0.0,0.0,Positive
33.33333333333333,16.666666666666664,0.0,0.0,50.0,0.0,0.0,Positive
11.11111111111111,55.55555555555556,0.0,0.0,33.33333333333333,0.0,0.0,Negative
94.11764705882352,5.88235294117647,0.0,0.0,0.0,0.0,0.0,Positive
73.33333333333333,13.333333333333334,0.0,0.0,13.333333333333334,0.0,0.0,Positive
14.285714285714285,57.14285714285714,0.0,0.0,28.57142857142857,0.0,0.0,Negative
0.0,50.0,0.0,0.0,50.0,0.0,0.0,Negative
14.285714285714285,0.0,0.0,0.0,85.71428571428571,0.0,0.0,Positive
9.090909090909092,0.0,0.0,0.0,90.9090909090909,0.0,0.0,Positive
0.0,13.636363636363635,0.0,0.0,86.36363636363636,0.0,0.0,Positive
0.0,66.66666666666666,0.0,0.0,33.33333333333333,0.0,0.0,Negative
0.0,100.0,0.0,0.0,0.0,0.0,0.0,Negative
0.0,63.63636363636363,0.0,13.636363636363635,22.727272727272727,0.0,0.0,Negative
0.0,40.909090909090914,4.545454545454546,9.090909090909092,45.45454545454545,0.0,0.0,Negative
4.761904761904762,66.66666666666666,0.0,0.0,28.57142857142857,0.0,0.0,Negative
0.0,0.0,0.0,0.0,100.0,0.0,0.0,Positive
0.0,0.0,0.0,0.0,100.0,0.0,0.0,Positive
100.0,0.0,0.0,0.0,0.0,0.0,0.0,Positive
100.0,0.0,0.0,0.0,0.0,0.0,0.0,Positive
36.11111111111111,0.0,0.0,2.7777777777777777,2.7777777777777777,58.333333333333336,0.0,Positive
100.0,0.0,0.0,0.0,0.0,0.0,0.0,Positive
100.0,0.0,0.0,0.0,0.0,0.0,0.0,Positive
100.0,0.0,0.0,0.0,0.0,0.0,0.0,Positive
100.0,0.0,0.0,0.0,0.0,0.0,0.0,Positive
0.0,0.0,0.0,0.0,100.0,0.0,0.0,Positive
4.3478260869565215,0.0,0.0,0.0,95.65217391304348,0.0,0.0,Positive
0.0,0.0,0.0,0.0,100.0,0.0,0.0,Positive
5.555555555555555,5.555555555555555,0.0,0.0,88.88888888888889,0.0,0.0,Positive
0.0,0.0,0.0,0.0,100.0,0.0,0.0,Positive
0.0,0.0,0.0,0.0,100.0,0.0,0.0,Positive
11.11111111111111,37.03703703703704,0.0,0.0,51.85185185185185,0.0,0.0,Little Positive
66.66666666666666,8.333333333333332,0.0,0.0,25.0,0.0,0.0,Positive
54.54545454545454,0.0,0.0,0.0,45.45454545454545,0.0,0.0,Positive
70.58823529411765,0.0,0.0,0.0,29.411764705882355,0.0,0.0,Positive
0.0,0.0,0.0,0.0,100.0,0.0,0.0,Positive
19.230769230769234,0.0,0.0,0.0,80.76923076923077,0.0,0.0,Positive
53.84615384615385,0.0,0.0,0.0,46.15384615384615,0.0,0.0,Positive
38.46153846153847,0.0,0.0,0.0,61.53846153846154,0.0,0.0,Positive
25.806451612903224,0.0,0.0,0.0,74.19354838709677,0.0,0.0,Positive
46.15384615384615,0.0,0.0,0.0,53.84615384615385,0.0,0.0,Positive
10.0,0.0,0.0,0.0,90.0,0.0,0.0,Positive
0.0,0.0,0.0,0.0,100.0,0.0,0.0,Positive
0.0,0.0,0.0,0.0,100.0,0.0,0.0,Positive
0.0,0.0,0.0,0.0,100.0,0.0,0.0,Positive
30.434782608695656,4.3478260869565215,0.0,13.043478260869565,52.17391304347826,0.0,0.0,Positive
0.0,90.9090909090909,0.0,0.0,9.090909090909092,0.0,0.0,Negative
7.6923076923076925,23.076923076923077,3.8461538461538463,0.0,65.38461538461539,0.0,0.0,Little Positive
7.894736842105263,0.0,0.0,2.631578947368421,89.47368421052632,0.0,0.0,Positive
2.631578947368421,0.0,0.0,0.0,97.36842105263158,0.0,0.0,Positive
21.875,0.0,0.0,0.0,78.125,0.0,0.0,Positive
52.17391304347826,4.3478260869565215,0.0,8.695652173913043,26.08695652173913,8.695652173913043,0.0,Positive
19.047619047619047,0.0,0.0,0.0,66.66666666666666,14.285714285714285,0.0,Positive
16.666666666666664,0.0,0.0,0.0,83.33333333333334,0.0,0.0,Positive
10.526315789473683,0.0,0.0,0.0,89.47368421052632,0.0,0.0,Positive
50.0,0.0,0.0,0.0,50.0,0.0,0.0,Positive
15.384615384615385,0.0,0.0,0.0,84.61538461538461,0.0,0.0,Positive
57.14285714285714,14.285714285714285,0.0,0.0,28.57142857142857,0.0,0.0,Positive
0.0,100.0,0.0,0.0,0.0,0.0,0.0,Negative
0.0,0.0,12.5,0.0,75.0,12.5,0.0,Positive
0.0,100.0,0.0,0.0,0.0,0.0,0.0,Negative
0.0,100.0,0.0,0.0,0.0,0.0,0.0,Negative
0.0,100.0,0.0,0.0,0.0,0.0,0.0,Negative
11.11111111111111,11.11111111111111,0.0,0.0,77.77777777777779,0.0,0.0,Positive
16.666666666666664,0.0,5.555555555555555,0.0,72.22222222222221,5.555555555555555,0.0,Positive
7.142857142857142,0.0,0.0,0.0,92.85714285714286,0.0,0.0,Positive
9.375,0.0,0.0,0.0,87.5,3.125,0.0,Positive
38.095238095238095,0.0,0.0,0.0,61.904761904761905,0.0,0.0,Positive
73.68421052631578,0.0,0.0,0.0,26.31578947368421,0.0,0.0,Positive
59.375,0.0,0.0,0.0,40.625,0.0,0.0,Positive
66.66666666666666,0.0,0.0,0.0,33.33333333333333,0.0,0.0,Positive
68.75,0.0,0.0,0.0,31.25,0.0,0.0,Positive
24.0,0.0,12.0,0.0,32.0,32.0,0.0,Positive
30.303030303030305,0.0,6.0606060606060606,6.0606060606060606,51.515151515151516,6.0606060606060606,0.0,Positive
21.21212121212121,0.0,0.0,3.0303030303030303,48.484848484848484,27.27272727272727,0.0,Positive
15.789473684210526,0.0,0.0,0.0,84.21052631578947,0.0,0.0,Positive
32.142857142857146,14.285714285714285,3.571428571428571,0.0,50.0,0.0,0.0,Positive
84.375,0.0,0.0,0.0,15.625,0.0,0.0,Positive
44.827586206896555,0.0,0.0,0.0,55.172413793103445,0.0,0.0,Positive
73.07692307692307,0.0,7.6923076923076925,0.0,19.230769230769234,0.0,0.0,Positive
23.333333333333332,16.666666666666664,0.0,3.3333333333333335,53.333333333333336,3.3333333333333335,0.0,Positive
83.33333333333334,6.666666666666667,0.0,0.0,10.0,0.0,0.0,Positive
76.47058823529412,14.705882352941178,0.0,0.0,8.823529411764707,0.0,0.0,Positive
42.857142857142854,20.0,0.0,0.0,37.142857142857146,0.0,0.0,Positive
11.11111111111111,14.814814814814813,0.0,0.0,70.37037037037037,3.7037037037037033,0.0,Positive
0.0,100.0,0.0,0.0,0.0,0.0,0.0,Negative
16.666666666666664,11.11111111111111,0.0,11.11111111111111,55.55555555555556,5.555555555555555,0.0,Little Positive
69.23076923076923,11.538461538461538,0.0,0.0,19.230769230769234,0.0,0.0,Positive
90.625,0.0,0.0,0.0,9.375,0.0,0.0,Positive
92.5925925925926,3.7037037037037033,0.0,0.0,3.7037037037037033,0.0,0.0,Positive
87.5,0.0,0.0,0.0,12.5,0.0,0.0,Positive
86.20689655172413,10.344827586206897,0.0,0.0,3.4482758620689653,0.0,0.0,Positive
83.33333333333334,11.11111111111111,5.555555555555555,0.0,0.0,0.0,0.0,Positive
100.0,0.0,0.0,0.0,0.0,0.0,0.0,Positive
93.33333333333333,3.3333333333333335,0.0,0.0,3.3333333333333335,0.0,0.0,Positive
100.0,0.0,0.0,0.0,0.0,0.0,0.0,Positive
70.58823529411765,29.411764705882355,0.0,0.0,0.0,0.0,0.0,Little Positive
0.0,83.33333333333334,0.0,0.0,0.0,16.666666666666664,0.0,Negative
18.181818181818183,36.36363636363637,0.0,0.0,45.45454545454545,0.0,0.0,Little Positive
43.75,0.0,0.0,6.25,50.0,0.0,0.0,Positive
51.61290322580645,0.0,0.0,6.451612903225806,16.129032258064516,25.806451612903224,0.0,Positive
34.48275862068966,0.0,0.0,0.0,51.724137931034484,13.793103448275861,0.0,Positive
46.42857142857143,3.571428571428571,0.0,3.571428571428571,46.42857142857143,0.0,0.0,Positive
66.66666666666666,0.0,0.0,0.0,30.303030303030305,3.0303030303030303,0.0,Positive
9.67741935483871,0.0,0.0,9.67741935483871,80.64516129032258,0.0,0.0,Positive
3.571428571428571,0.0,0.0,0.0,96.42857142857143,0.0,0.0,Positive
5.0,0.0,0.0,0.0,95.0,0.0,0.0,Positive
9.375,0.0,0.0,6.25,50.0,34.375,0.0,Positive
3.125,0.0,0.0,0.0,96.875,0.0,0.0,Positive
0.0,0.0,0.0,0.0,100.0,0.0,0.0,Positive
0.0,10.344827586206897,0.0,0.0,89.65517241379311,0.0,0.0,Positive
6.451612903225806,41.935483870967744,0.0,12.903225806451612,38.70967741935484,0.0,0.0,Negative
0.0,0.0,0.0,0.0,100.0,0.0,0.0,Positive
12.5,0.0,9.375,0.0,78.125,0.0,0.0,Positive
17.647058823529413,17.647058823529413,0.0,0.0,64.70588235294117,0.0,0.0,Positive
12.903225806451612,0.0,0.0,0.0,87.09677419354838,0.0,0.0,Positive
86.66666666666667,0.0,3.3333333333333335,0.0,10.0,0.0,0.0,Positive
51.61290322580645,0.0,0.0,0.0,48.38709677419355,0.0,0.0,Positive
0.0,0.0,0.0,0.0,100.0,0.0,0.0,Positive
12.121212121212121,0.0,0.0,0.0,87.87878787878788,0.0,0.0,Positive
55.172413793103445,31.03448275862069,0.0,0.0,10.344827586206897,3.4482758620689653,0.0,Little Positive
12.0,0.0,0.0,0.0,84.0,4.0,0.0,Positive
0.0,60.0,0.0,0.0,20.0,20.0,0.0,Negative
9.090909090909092,18.181818181818183,9.090909090909092,4.545454545454546,59.09090909090909,0.0,0.0,Little Positive
3.7037037037037033,0.0,0.0,0.0,96.29629629629629,0.0,0.0,Positive
55.172413793103445,3.4482758620689653,0.0,0.0,41.37931034482759,0.0,0.0,Positive
41.935483870967744,3.225806451612903,3.225806451612903,0.0,51.61290322580645,0.0,0.0,Positive
0.0,25.925925925925924,0.0,0.0,74.07407407407408,0.0,0.0,Little Positive
6.25,0.0,40.625,0.0,53.125,0.0,0.0,Negative
0.0,0.0,89.28571428571429,0.0,10.714285714285714,0.0,0.0,Negative
3.3333333333333335,0.0,63.33333333333333,0.0,33.33333333333333,0.0,0.0,Negative
0.0,0.0,100.0,0.0,0.0,0.0,0.0,Negative
9.67741935483871,0.0,25.806451612903224,0.0,64.51612903225806,0.0,0.0,Little Positive
21.73913043478261,0.0,0.0,0.0,78.26086956521739,0.0,0.0,Positive
0.0,0.0,0.0,0.0,94.11764705882352,5.88235294117647,0.0,Positive
11.76470588235294,0.0,0.0,0.0,82.35294117647058,5.88235294117647,0.0,Positive
10.526315789473683,0.0,0.0,0.0,84.21052631578947,5.263157894736842,0.0,Positive
20.0,0.0,10.0,0.0,70.0,0.0,0.0,Positive
25.806451612903224,22.58064516129032,29.03225806451613,22.58064516129032,0.0,0.0,0.0,Negative
9.67741935483871,9.67741935483871,54.83870967741935,25.806451612903224,0.0,0.0,0.0,Negative
3.225806451612903,0.0,96.7741935483871,0.0,0.0,0.0,0.0,Negative
3.4482758620689653,0.0,96.55172413793103,0.0,0.0,0.0,0.0,Negative
18.75,0.0,81.25,0.0,0.0,0.0,0.0,Negative
12.5,0.0,87.5,0.0,0.0,0.0,0.0,Negative
55.00000000000001,0.0,25.0,0.0,20.0,0.0,0.0,Little Positive
47.368421052631575,0.0,0.0,0.0,52.63157894736842,0.0,0.0,Positive
23.52941176470588,0.0,0.0,0.0,76.47058823529412,0.0,0.0,Positive
93.75,0.0,0.0,0.0,6.25,0.0,0.0,Positive
83.33333333333334,0.0,0.0,0.0,16.666666666666664,0.0,0.0,Positive
27.77777777777778,5.555555555555555,0.0,0.0,61.111111111111114,5.555555555555555,0.0,Positive
78.94736842105263,0.0,0.0,0.0,21.052631578947366,0.0,0.0,Positive
63.1578947368421,0.0,0.0,0.0,36.84210526315789,0.0,0.0,Positive
21.052631578947366,0.0,0.0,0.0,78.94736842105263,0.0,0.0,Positive
0.0,88.88888888888889,0.0,11.11111111111111,0.0,0.0,0.0,Negative
7.142857142857142,28.57142857142857,0.0,10.714285714285714,53.57142857142857,0.0,0.0,Little Positive
12.903225806451612,19.35483870967742,0.0,0.0,67.74193548387096,0.0,0.0,Positive
0.0,0.0,0.0,79.41176470588235,20.588235294117645,0.0,0.0,Negative
0.0,0.0,0.0,91.17647058823529,0.0,8.823529411764707,0.0,Negative
6.896551724137931,3.4482758620689653,0.0,20.689655172413794,65.51724137931035,3.4482758620689653,0.0,Little Positive
8.0,20.0,0.0,0.0,72.0,0.0,0.0,Positive
0.0,0.0,0.0,96.96969696969697,3.0303030303030303,0.0,0.0,Negative
0.0,0.0,0.0,100.0,0.0,0.0,0.0,Negative
20.0,8.0,0.0,40.0,32.0,0.0,0.0,Negative
19.230769230769234,0.0,0.0,0.0,80.76923076923077,0.0,0.0,Positive
0.0,0.0,0.0,0.0,100.0,0.0,0.0,Positive
0.0,7.6923076923076925,0.0,0.0,92.3076923076923,0.0,0.0,Positive
0.0,58.82352941176471,17.647058823529413,0.0,23.52941176470588,0.0,0.0,Negative
0.0,84.21052631578947,0.0,0.0,15.789473684210526,0.0,0.0,Negative
0.0,63.1578947368421,0.0,0.0,36.84210526315789,0.0,0.0,Negative
0.0,18.75,0.0,0.0,81.25,0.0,0.0,Positive
37.5,18.75,0.0,0.0,43.75,0.0,0.0,Positive
9.090909090909092,27.27272727272727,0.0,9.090909090909092,54.54545454545454,0.0,0.0,Little Positive
5.555555555555555,16.666666666666664,0.0,0.0,77.77777777777779,0.0,0.0,Positive
24.0,0.0,0.0,4.0,72.0,0.0,0.0,Positive
7.4074074074074066,55.55555555555556,3.7037037037037033,0.0,33.33333333333333,0.0,0.0,Negative
4.166666666666666,58.333333333333336,0.0,0.0,37.5,0.0,0.0,Negative
4.166666666666666,25.0,0.0,0.0,70.83333333333334,0.0,0.0,Little Positive
0.0,16.666666666666664,16.666666666666664,0.0,66.66666666666666,0.0,0.0,Little Positive
0.0,44.0,44.0,0.0,12.0,0.0,0.0,Negative
0.0,3.7037037037037033,96.29629629629629,0.0,0.0,0.0,0.0,Negative
0.0,3.0303030303030303,93.93939393939394,0.0,3.0303030303030303,0.0,0.0,Negative
3.571428571428571,3.571428571428571,85.71428571428571,0.0,7.142857142857142,0.0,0.0,Negative
7.6923076923076925,11.538461538461538,0.0,0.0,80.76923076923077,0.0,0.0,Positive
78.94736842105263,21.052631578947366,0.0,0.0,0.0,0.0,0.0,Little Positive
0.0,57.89473684210527,31.57894736842105,0.0,10.526315789473683,0.0,0.0,Negative
0.0,42.42424242424242,9.090909090909092,0.0,48.484848484848484,0.0,0.0,Negative
0.0,50.0,5.88235294117647,0.0,44.11764705882353,0.0,0.0,Negative
3.571428571428571,21.428571428571427,25.0,0.0,50.0,0.0,0.0,Negative
7.142857142857142,14.285714285714285,3.571428571428571,21.428571428571427,50.0,3.571428571428571,0.0,Little Positive
9.090909090909092,63.63636363636363,15.151515151515152,12.121212121212121,0.0,0.0,0.0,Negative
6.25,59.375,34.375,0.0,0.0,0.0,0.0,Negative
6.451612903225806,70.96774193548387,22.58064516129032,0.0,0.0,0.0,0.0,Negative
40.0,28.000000000000004,24.0,0.0,8.0,0.0,0.0,Negative
46.15384615384615,0.0,0.0,0.0,53.84615384615385,0.0,0.0,Positive
5.555555555555555,0.0,0.0,0.0,94.44444444444444,0.0,0.0,Positive
45.45454545454545,0.0,0.0,0.0,54.54545454545454,0.0,0.0,Positive
61.111111111111114,0.0,0.0,0.0,38.88888888888889,0.0,0.0,Positive
35.294117647058826,0.0,0.0,0.0,64.70588235294117,0.0,0.0,Positive
60.71428571428571,0.0,0.0,0.0,39.285714285714285,0.0,0.0,Positive
68.42105263157895,0.0,0.0,0.0,31.57894736842105,0.0,0.0,Positive
